EmpID,FirstName,LastName,Email,HireDate,Salary,JobTitle,DeptID
1,Alexander,Morris,alex.morris@example.com,2017-03-15,102000,Finance Director,3
2,James,Evans,james.evans@example.com,2018-07-21,99000,HR Manager,2
3,Carter,Cooper,carter.cooper@example.com,2019-06-11,98000,Marketing Manager,4
4,Frank,Taylor,frank.taylor@example.com,2018-09-01,95000,Finance Manager,3
5,Evelyn,Edwards,evelyn.edwards@example.com,2020-04-13,94000,HR Manager,2
6,Grace,Lee,grace.lee@example.com,2019-11-07,91000,IT Manager,1
7,William,Parker,william.parker@example.com,2021-02-20,88000,IT Analyst,1
8,Chloe,Richardson,chloe.richardson@example.com,2017-08-30,87000,IT Developer,1
9,Lucas,Harrison,lucas.harrison@example.com,2020-06-14,85000,Finance Analyst,3
10,Emma,Thompson,emma.thompson@example.com,2019-10-12,83000,HR Specialist,2
11,Daniel,Wood,daniel.wood@example.com,2018-05-09,81000,Finance Analyst,3
12,Sophia,Baker,sophia.baker@example.com,2017-12-01,80000,Marketing Specialist,4
13,Noah,Mitchell,noah.mitchell@example.com,2020-11-19,78000,Operations Coordinator,5
14,Ava,White,ava.white@example.com,2021-03-08,76000,Operations Assistant,5
15,Mason,Hall,mason.hall@example.com,2022-02-14,74000,IT Engineer,1
16,Isabella,Allen,isabella.allen@example.com,2020-01-18,72000,Finance Specialist,3
17,Liam,King,liam.king@example.com,2021-06-05,71000,Marketing Executive,4
18,Mia,Green,mia.green@example.com,2019-09-30,69000,Recruiter,2
19,Henry,Scott,henry.scott@example.com,2018-04-07,67000,IT Tester,1
20,Amelia,Adams,amelia.adams@example.com,2022-05-16,65000,Operations Specialist,5
21,Logan,Cox,logan.cox@example.com,2019-08-10,64000,Operations Manager,5
22,Lily,Howard,lily.howard@example.com,2017-06-19,63000,Operations Assistant,5
23,Owen,Ward,owen.ward@example.com,2020-02-02,62000,Logistics Coordinator,5
24,Aiden,Sanders,aiden.sanders@example.com,2021-11-13,61000,Supply Chain Analyst,5
25,Sofia,Foster,sofia.foster@example.com,2019-01-22,60000,Operations Specialist,5
26,Megan,Walker,megan.walker@example.com,2022-07-07,59000,Warehouse Supervisor,5
27,Ryan,Hughes,ryan.hughes@example.com,2020-03-03,58000,Procurement Officer,5
28,Natalie,Barnes,natalie.barnes@example.com,2018-08-15,57000,Logistics Manager,5
29,Oliver,James,oliver.james@example.com,2021-12-25,56000,Operations Coordinator,5
30,Benjamin,Reed,ben.reed@example.com,2020-09-01,55000,HR Analyst,2
31,Ella,Morgan,ella.morgan@example.com,2017-11-05,54000,HR Coordinator,2
32,Jack,Bell,jack.bell@example.com,2018-07-27,53000,Recruiter,2
33,Hannah,Russell,hannah.russell@example.com,2021-10-15,52000,Finance Assistant,3
34,Ethan,Brooks,ethan.brooks@example.com,2019-05-23,51000,Finance Officer,3
35,Aria,Wright,aria.wright@example.com,2022-08-12,50000,Finance Clerk,3
36,Lucas,Phillips,lucas.phillips@example.com,2020-01-04,49000,IT Technician,1
37,Zoe,Campbell,zoe.campbell@example.com,2017-04-25,48000,Junior Developer,1
38,Michael,Turner,michael.turner@example.com,2021-02-09,47000,Support Engineer,1
39,Layla,Collins,layla.collins@example.com,2022-03-19,46000,QA Tester,1
40,David,Murphy,david.murphy@example.com,2020-06-30,45000,HR Assistant,2
41,Matthew,Long,matthew.long@example.com,2017-05-11,60000,Marketing Director,4
42,Chloe,Williams,chloe.williams@example.com,2019-12-24,58000,Marketing Analyst,4
43,Isla,Cooper,isla.cooper@example.com,2021-07-14,57000,Marketing Coordinator,4
44,Leo,Stewart,leo.stewart@example.com,2018-01-09,56000,Marketing Executive,4
45,Sophie,Young,sophie.young@example.com,2020-11-02,55000,Marketing Specialist,4
46,George,Harrison,george.harrison@example.com,2019-09-28,54000,Finance Clerk,3
47,Emily,Robinson,emily.robinson@example.com,2022-10-01,53000,HR Assistant,2
48,Jacob,Martinez,jacob.martinez@example.com,2018-02-17,52000,Finance Clerk,3
49,Harper,Lee,harper.lee@example.com,2021-05-06,51000,HR Clerk,2
50,Daniel,Evans,daniel.evans@example.com,2023-01-18,50000,Operations Clerk,5
